id,age,height_cm,weight_kg,salary_usd,years_of_experience,score
1,49,181.8,89.6,31729.7,17,9.81
2,30,155.7,65.9,76199.48,5,34.91
3,58,182.5,92.0,76123.13,30,97.7
4,61,152.0,54.9,88336.45,12,21.09
5,47,178.5,82.9,87189.26,25,54.96
6,62,182.1,64.0,32487.8,16,44.75
7,26,163.0,89.1,84917.48,25,4.71
8,60,161.3,65.8,35118.05,10,0.97
9,35,166.7,86.7,96229.73,35,41.19
10,39,150.4,90.7,61069.5,11,22.93
11,42,194.5,98.6,99118.72,24,19.92
12,23,184.0,56.2,35093.48,15,70.69
13,57,176.7,60.2,78672.95,11,42.47
14,54,166.3,67.3,79779.37,28,64.92
15,22,157.8,62.6,110186.02,9,10.23
16,52,176.8,81.4,49451.16,14,70.77
17,60,191.6,91.8,83988.34,16,17.84
18,46,174.7,98.2,59699.58,20,79.11
19,63,160.7,99.0,77612.43,16,93.4
20,51,186.9,75.0,30164.31,11,34.07
21,51,165.5,55.9,64448.01,29,44.83
22,30,196.3,57.4,80905.31,38,78.61
23,66,199.6,76.9,65081.68,6,71.5
24,49,174.4,76.9,92153.4,2,79.16
25,31,186.9,91.7,69804.53,35,33.26
26,67,199.6,65.4,46609.26,35,65.94
27,69,163.4,71.9,51633.35,11,95.79
28,40,165.9,74.6,117459.55,36,55.84
29,19,192.6,76.9,106027.4,13,35.68
30,56,188.3,72.7,83336.7,18,34.11
31,25,166.7,91.4,38545.61,32,24.26
32,69,192.4,96.8,69773.36,37,87.6
33,51,198.4,75.0,68732.25,26,7.88
34,33,189.6,59.3,115416.41,2,56.63
35,60,191.2,70.7,68838.42,7,5.69
36,65,187.0,87.2,47185.83,28,85.78
37,44,165.7,93.2,33717.85,6,65.13
38,61,199.6,84.7,39487.08,18,32.27
39,47,161.9,51.8,74126.45,33,89.39
40,24,165.5,55.7,105671.27,12,4.77
41,19,180.1,52.9,99616.38,26,71.57
42,66,185.3,83.8,109414.23,20,99.52
43,20,186.7,86.4,101742.81,11,3.48
44,22,161.3,95.0,43095.03,11,36.09
45,39,162.2,99.4,108768.72,1,70.96
46,39,167.6,63.1,61663.21,3,28.78
47,34,156.9,54.0,56943.7,11,46.66
48,32,153.2,87.8,64265.83,18,83.85
49,51,184.6,83.3,66026.01,13,37.97
50,26,180.2,62.1,103265.85,23,66.32
51,41,198.8,97.3,81982.24,3,56.09
52,53,160.5,81.6,99947.08,7,55.78
53,60,172.0,78.9,88262.25,29,24.83
54,57,190.6,94.5,111418.52,2,18.48
55,59,191.0,76.2,111523.52,25,7.83
56,23,168.1,68.4,51809.7,24,86.98
57,21,159.4,69.2,99628.5,2,76.97
58,50,152.6,59.6,67398.22,14,64.15
59,25,159.7,86.9,115692.62,18,69.93
60,61,152.0,92.7,99707.96,15,4.08
61,20,198.4,55.7,94808.65,10,72.9
62,33,197.8,77.0,50947.63,22,32.89
63,23,155.0,51.4,35571.9,18,50.38
64,37,173.6,58.6,100514.48,23,53.07
65,23,192.7,89.9,66759.25,5,31.0
66,50,152.2,62.2,77651.96,36,88.73
67,45,174.0,90.4,41691.68,26,50.06
68,19,155.8,92.7,99123.21,35,7.41
69,50,188.0,63.8,34490.7,30,76.65
70,44,154.5,66.7,109675.32,11,61.54
71,69,190.3,65.5,60778.95,17,16.11
72,66,197.4,60.5,36604.47,6,6.13
73,53,191.1,72.9,40560.02,21,87.12
74,22,181.6,91.5,78186.24,26,90.89
75,53,199.4,61.7,59089.32,10,25.59
76,23,190.7,61.7,66946.55,8,91.96
77,60,160.3,65.9,53212.21,14,91.52
78,29,197.8,76.1,96055.13,3,8.95
79,18,164.0,55.3,45784.01,32,11.09
80,27,176.0,73.5,41743.75,35,2.24
81,68,177.4,74.0,87787.11,34,6.13
82,31,188.1,68.3,75823.31,26,97.7
83,68,186.2,91.0,30919.48,8,80.32
84,44,152.6,63.0,75742.54,35,94.45
85,67,157.0,95.6,118062.99,20,16.81
86,41,185.0,86.1,62187.24,38,21.84
87,65,172.7,62.6,37138.94,19,51.41
88,31,176.1,80.2,73808.51,2,75.81
89,62,171.8,88.6,84578.12,13,3.54
90,64,191.6,51.7,90975.82,38,15.2
91,25,163.1,67.5,114625.13,12,56.67
92,32,158.5,66.4,65281.33,7,65.15
93,48,181.2,92.2,110064.19,3,9.13
94,61,152.5,69.0,83339.9,32,86.02
95,48,160.3,77.1,32819.58,6,14.54
96,48,177.8,89.5,31983.72,36,58.97
97,35,179.4,51.6,65188.48,31,56.52
98,65,182.7,66.9,46726.31,10,82.89
99,31,167.4,54.5,77879.83,15,76.51
100,21,171.2,63.9,91408.84,24,76.42
101,23,155.1,98.4,100144.29,29,3.39
102,23,181.7,74.3,89649.72,34,34.25
103,30,178.4,76.2,38260.03,12,89.21
104,61,199.8,69.2,112882.63,30,9.67
105,66,196.3,52.6,33501.56,36,98.48
106,25,185.8,59.6,83081.39,23,59.85
107,48,192.1,75.9,61473.06,26,20.25
108,62,166.4,57.0,62820.27,10,84.01
109,58,183.5,91.1,109866.22,8,54.63
110,68,198.4,57.1,73596.26,14,57.82
111,54,159.3,52.1,87764.53,16,54.86
112,62,189.9,56.8,36669.83,21,42.41
113,50,172.7,74.0,75287.31,36,15.19
114,52,194.8,93.9,84297.08,36,42.18
115,66,171.5,60.3,83959.2,38,70.28
116,65,169.9,85.4,79954.88,1,28.33
117,46,183.8,59.4,34003.8,34,75.34
118,59,187.9,79.0,52536.61,33,7.66
119,67,177.4,88.1,112550.62,12,3.04
120,37,172.9,58.2,88717.57,36,35.3
121,27,165.1,90.9,60693.44,13,87.43
122,22,155.1,62.6,47457.65,22,12.55
123,58,174.6,95.9,33542.53,3,38.22
124,66,167.1,76.6,73671.36,22,37.17
125,63,193.8,54.5,106507.17,23,27.25
126,62,197.6,66.4,106401.02,5,72.77
127,36,194.7,93.0,84289.12,31,78.86
128,27,199.2,82.4,119617.57,1,57.88
129,25,162.9,80.2,54828.93,5,54.76
130,38,175.0,66.2,67042.57,32,48.16
131,52,173.7,52.0,72599.32,34,52.44
132,22,168.4,76.4,58140.77,23,53.23
133,40,162.2,59.1,107486.49,5,70.42
134,36,184.8,80.3,85886.09,31,22.04
135,33,165.9,91.3,66923.33,15,29.09
136,43,156.2,76.7,48395.33,17,9.88
137,29,183.0,70.1,57315.63,34,25.68
138,26,177.5,91.0,66239.05,16,22.45
139,22,154.2,84.1,40549.5,2,67.57
140,25,161.1,50.7,85341.52,9,40.98
141,38,196.9,85.6,37380.78,2,97.9
142,43,191.1,59.1,51412.95,33,11.65
143,59,153.2,91.7,32840.18,33,47.75
144,65,151.4,57.3,41270.72,14,39.5
145,22,195.2,68.2,92889.89,28,42.21
146,31,181.6,53.2,70251.97,19,45.29
147,55,174.0,76.5,110917.75,8,0.99
148,38,167.2,97.9,106305.97,15,27.4
149,65,158.4,73.5,91309.6,32,1.5
150,26,192.2,77.3,88730.78,32,62.13
151,29,154.4,81.3,84911.76,1,78.42
152,46,172.1,69.8,71605.76,35,72.11
153,23,185.5,81.6,52982.07,29,52.64
154,56,169.8,66.0,53153.42,34,67.66
155,34,186.3,67.7,70536.6,18,68.07
156,54,186.3,85.0,75969.41,34,75.08
157,65,150.9,89.4,42936.62,1,35.72
158,54,188.2,81.6,30632.96,1,78.39
159,20,175.4,97.7,36836.71,21,74.9
160,35,196.8,85.8,92753.65,32,80.02
161,36,188.2,74.8,84050.85,9,40.91
162,32,182.0,91.5,83547.66,22,1.47
163,34,187.0,75.2,71648.64,27,14.28
164,22,191.2,59.4,101843.17,3,29.51
165,48,187.9,70.0,73995.85,24,68.87
166,54,169.4,67.3,81205.9,18,76.59
167,22,192.8,93.2,34330.83,24,94.72
168,34,190.9,74.2,80893.66,27,84.66
169,22,178.9,78.2,109795.44,11,64.93
170,44,188.0,70.7,83416.58,31,57.68
171,47,189.1,87.4,108890.54,1,49.89
172,44,162.7,69.0,75184.73,32,12.79
173,51,160.4,88.2,83738.03,11,14.01
174,44,196.1,56.6,48357.26,38,99.95
175,61,198.4,97.0,117359.68,12,62.45
176,46,156.8,88.7,113040.83,29,32.94
177,53,172.4,52.8,92691.17,18,47.69
178,66,178.8,90.9,61720.9,24,25.29
179,49,163.9,83.8,37299.94,35,57.44
180,18,172.0,79.5,101768.23,21,80.63
181,29,171.7,60.7,80252.59,27,84.4
182,60,152.6,73.8,30766.96,31,35.63
183,45,196.5,98.7,83915.81,38,66.34
184,42,151.1,86.7,113815.64,30,20.45
185,67,177.8,84.6,91098.55,15,95.31
186,69,173.2,81.4,61256.72,19,53.14
187,55,166.2,88.2,40384.51,17,73.83
188,29,161.6,77.3,67751.39,13,89.21
189,29,182.8,59.9,57638.7,15,17.44
190,18,187.3,84.1,111004.77,34,39.68
191,48,176.1,89.6,71186.57,32,27.95
192,27,197.6,58.6,119333.57,18,74.26
193,22,159.9,64.7,31391.59,6,77.5
194,59,159.6,79.8,67245.82,4,93.19
195,44,159.2,73.1,95383.05,1,97.48
196,41,192.0,50.4,65996.25,32,87.51
197,66,182.4,90.1,106792.92,24,29.34
198,52,181.2,62.7,30947.31,32,36.75
199,31,156.2,88.3,111858.28,7,64.43
200,22,188.6,63.4,58229.39,9,67.27
201,67,158.3,87.9,41139.18,23,60.23
202,18,181.0,84.2,105757.88,24,57.57
203,35,156.0,78.4,94786.18,30,94.98
204,36,181.9,84.0,81387.28,25,26.23
205,32,188.0,80.6,117388.35,29,57.46
206,33,188.3,96.9,44201.22,21,71.98
207,43,161.1,89.3,45795.43,24,97.37
208,47,151.2,84.3,87031.78,23,64.8
209,22,169.2,58.7,112134.32,12,62.93
210,34,177.3,76.8,82464.72,11,65.98
211,30,182.2,59.3,77045.76,4,78.03
212,67,168.0,97.9,109756.66,21,33.78
213,64,151.3,94.3,67365.77,36,54.8
214,39,196.1,96.8,108182.12,11,79.71
215,26,152.4,75.0,99934.59,21,10.77
216,25,160.8,76.1,65846.14,25,23.87
217,49,154.6,84.0,43612.66,36,1.91
218,21,174.5,60.7,74629.8,7,9.7
219,33,156.2,82.2,76309.32,19,68.11
220,48,159.9,79.5,109635.16,15,51.5
221,33,174.7,67.7,78602.82,36,20.99
222,48,156.7,56.3,104650.16,37,35.35
223,23,172.3,75.4,87919.94,33,58.17
224,65,191.8,91.2,87475.63,5,67.81
225,48,165.1,78.5,105125.39,38,84.03
226,51,178.2,60.9,45949.54,38,0.73
227,45,165.2,88.8,67276.29,14,54.0
228,42,164.9,91.7,62103.08,33,19.43
229,22,170.3,94.0,75230.41,29,79.12
230,56,176.6,60.2,59828.86,35,68.9
231,29,185.9,84.8,91366.98,8,95.46
232,35,163.0,71.5,41492.71,28,74.82
233,27,194.8,82.5,77727.16,33,12.06
234,46,155.6,83.6,49351.59,3,65.65
235,22,163.4,98.2,97728.0,15,81.64
236,42,177.8,72.9,62170.06,12,93.21
237,26,176.7,89.5,111521.36,9,10.07
238,64,199.2,50.2,109887.71,20,2.55
239,38,165.7,63.9,94920.62,29,23.51
240,57,195.1,62.0,107367.73,28,57.18
241,56,174.5,62.3,41735.47,30,9.68
242,32,168.1,97.9,70310.77,39,48.74
243,19,196.7,61.5,106278.1,33,50.09
244,18,163.5,60.0,40203.71,15,61.59
245,58,150.7,99.0,89775.15,9,62.94
246,54,175.4,90.2,34218.68,22,97.06
247,41,171.0,60.5,93953.29,20,10.17
248,37,170.6,68.2,74082.69,5,57.9
249,27,192.7,90.7,101205.08,12,99.94
250,56,190.0,67.6,39398.65,16,1.05
251,67,180.2,62.3,46058.21,30,32.58
252,52,193.6,90.3,113145.96,8,39.12
253,49,174.0,95.9,67121.24,37,3.44
254,45,187.1,88.7,73733.35,3,61.25
255,58,170.9,60.6,100538.61,3,5.24
256,24,151.7,98.7,44082.74,2,40.72
257,63,199.7,61.9,49891.47,14,64.9
258,37,175.8,67.7,102714.87,2,92.62
259,34,193.3,70.6,84650.98,29,54.54
260,25,194.5,86.7,74802.69,35,87.01
261,24,159.2,60.2,30916.21,15,26.11
262,46,162.1,59.3,103525.79,24,56.07
263,46,177.9,66.6,42511.76,34,33.77
264,39,152.9,90.7,49465.16,5,86.82
265,52,175.3,56.3,73619.01,10,1.48
266,67,180.1,52.1,91843.56,28,88.42
267,30,187.0,55.6,43618.28,24,60.12
268,54,187.4,82.8,105135.39,15,50.55
269,66,175.6,65.6,89532.73,19,70.04
270,28,166.4,99.6,32295.72,16,75.86
271,65,178.2,78.6,93971.35,13,9.79
272,41,153.1,66.9,81461.11,2,61.31
273,54,152.8,68.3,111690.19,16,87.03
274,25,171.3,89.6,79739.86,24,40.26
275,68,185.1,88.9,77821.28,33,65.19
276,52,163.3,80.9,52278.26,28,40.94
277,53,182.7,53.6,101466.74,10,6.95
278,37,154.0,80.5,100808.9,36,5.06
279,69,159.0,87.3,103073.13,10,48.8
280,47,163.1,63.9,80467.69,28,87.31
281,18,176.5,63.9,116306.52,20,68.94
282,58,155.8,97.5,79623.66,29,87.47
283,68,189.0,92.5,105490.21,18,6.42
284,35,163.9,69.8,96351.24,11,66.55
285,52,173.8,87.6,55302.3,26,37.56
286,22,183.0,71.8,66900.02,33,30.96
287,54,156.5,74.6,66651.63,18,11.98
288,48,187.2,77.3,76685.91,10,38.62
289,30,166.4,62.0,46907.57,35,46.46
290,68,176.9,83.1,30594.84,17,68.86
291,54,177.2,98.1,97078.75,23,64.68
292,49,171.0,98.3,58965.89,11,40.38
293,38,193.1,64.2,107096.31,28,60.37
294,54,153.1,93.4,91079.9,23,93.08
295,59,170.3,80.7,41521.3,27,20.14
296,51,168.3,62.8,47022.93,38,64.07
297,30,168.9,74.8,89197.65,21,51.38
298,35,158.8,60.6,39148.25,2,84.78
299,54,195.9,64.4,65971.75,3,0.24
300,18,168.0,81.5,87176.69,19,40.14
301,41,175.7,98.0,85961.14,25,65.27
302,23,151.6,89.9,49994.31,25,99.7
303,22,189.0,83.1,117549.5,9,31.08
304,36,177.5,83.7,56733.28,21,27.31
305,38,184.0,70.0,70612.93,18,32.33
306,48,153.0,95.1,94902.15,25,72.5
307,29,159.9,64.4,116628.62,20,86.38
308,68,173.0,70.5,118804.67,36,31.67
309,21,154.4,82.7,83730.8,30,6.42
310,69,178.5,58.2,117606.9,2,27.76
311,60,167.5,86.3,32510.4,21,92.4
312,61,153.3,72.2,56280.99,5,28.28
313,63,163.5,89.6,84023.91,3,42.07
314,63,165.5,50.5,93439.56,24,7.28
315,51,198.8,61.4,92937.93,35,22.04
316,39,182.3,87.5,71805.23,20,84.77
317,60,192.7,79.5,52993.64,22,13.3
318,63,164.2,74.5,109761.26,16,18.64
319,27,172.2,59.3,104926.88,13,82.51
320,39,181.2,94.8,50574.72,20,16.38
321,36,157.4,56.2,90323.89,39,68.14
322,18,161.9,74.4,95314.95,9,28.44
323,18,179.3,71.7,67529.68,34,11.56
324,38,151.9,51.3,100783.56,20,11.62
325,51,152.0,75.7,65133.78,36,12.64
326,21,183.3,65.1,83624.93,17,71.45
327,59,154.5,52.0,95167.04,33,46.75
328,45,171.0,83.8,64667.89,8,34.62
329,54,193.9,74.3,96784.69,22,35.45
330,25,171.8,68.6,57750.65,5,94.85
331,22,196.3,69.7,106185.18,14,35.64
332,31,195.5,95.3,98935.68,12,19.77
333,20,184.8,74.6,93982.2,20,24.67
334,43,157.9,87.4,89626.25,14,97.45
335,38,181.6,76.0,60403.32,19,92.32
336,66,162.2,90.7,115657.25,31,77.83
337,63,157.7,65.3,116623.94,22,47.93
338,26,173.2,82.9,58805.46,35,26.35
339,59,194.2,63.1,96768.97,27,89.07
340,26,156.0,69.8,106520.87,15,66.73
341,37,185.5,94.9,73972.47,33,34.22
342,43,194.9,75.7,101902.24,23,49.34
343,31,175.6,77.1,33495.82,4,56.64
344,45,175.5,83.9,52267.62,1,46.45
345,52,181.0,61.8,94680.24,12,68.9
346,51,192.6,88.2,62814.33,12,55.96
347,37,157.9,86.2,85025.35,39,45.65
348,63,161.1,78.1,89705.62,5,45.56
349,21,155.2,60.5,63727.08,7,14.42
350,51,193.0,63.8,38354.6,3,94.52
351,54,171.7,77.0,81669.74,32,26.33
352,38,152.7,92.4,81655.19,36,69.23
353,36,161.4,86.1,105305.95,13,54.47
354,57,184.5,62.3,53911.75,36,70.39
355,34,186.2,77.4,98213.3,1,30.87
356,59,187.1,60.5,47007.37,36,57.06
357,21,175.2,65.1,43514.45,35,17.25
358,34,157.4,75.1,67177.59,7,55.09
359,48,175.0,61.0,88360.84,21,69.66
360,52,188.7,81.8,109768.55,32,55.53
361,62,155.2,94.2,31520.92,9,16.2
362,23,157.9,64.3,75382.79,34,15.83
363,29,160.2,74.3,92212.32,39,24.18
364,33,167.8,52.7,55499.7,38,29.68
365,47,168.3,69.2,44610.36,17,58.35
366,59,191.6,88.9,51381.03,5,81.16
367,20,165.2,80.6,63441.93,19,99.79
368,20,155.4,75.5,109066.03,18,83.42
369,33,167.4,67.6,79409.43,37,91.93
370,57,150.3,83.6,37593.45,31,71.18
371,46,173.7,85.8,65124.41,16,14.26
372,49,167.5,91.9,76286.8,26,39.73
373,57,151.5,89.0,70519.36,19,29.1
374,63,168.7,76.1,118569.35,11,6.69
375,37,197.9,72.4,87505.51,37,76.09
376,67,162.1,90.2,53691.2,14,52.58
377,26,186.9,59.7,101276.0,28,57.7
378,19,164.9,87.9,116009.31,24,96.55
379,60,154.8,54.4,58384.62,17,35.32
380,36,156.3,90.4,96827.19,28,82.66
381,54,187.3,88.8,81780.9,23,21.14
382,35,191.7,85.4,40902.74,18,22.96
383,53,173.1,51.6,103600.64,31,84.3
384,49,169.4,54.0,87829.81,10,81.89
385,34,190.4,67.7,72335.48,37,42.66
386,52,150.7,51.6,104022.34,32,66.05
387,21,150.9,84.5,60623.68,1,49.74
388,66,187.8,59.7,104980.33,25,19.0
389,31,174.5,83.4,84845.32,25,35.5
390,54,174.3,78.6,96861.78,11,95.91
391,45,175.1,53.4,62330.79,7,94.82
392,61,183.9,71.9,70005.26,21,73.69
393,28,171.5,98.6,46687.66,14,92.03
394,45,158.5,82.9,60897.51,20,46.95
395,54,160.1,65.0,47084.03,37,77.99
396,27,156.4,56.3,40750.26,26,87.29
397,66,168.2,77.1,90828.72,9,73.82
398,68,159.5,86.8,69831.76,25,45.03
399,57,197.4,50.3,55197.85,19,17.34
400,51,180.1,72.1,104674.74,20,26.95
401,57,188.8,61.0,40553.92,21,43.85
402,58,176.2,57.2,65588.66,2,77.47
403,28,180.6,90.4,68396.08,6,41.8
404,62,161.5,86.5,30738.16,27,99.12
405,36,185.2,82.6,43019.2,26,41.06
406,28,194.3,94.8,108841.89,22,10.39
407,25,194.7,73.6,102084.94,15,83.78
408,20,165.8,60.0,111726.94,5,19.96
409,56,177.4,55.2,79720.81,27,23.35
410,27,165.9,84.2,80415.69,6,57.61
411,67,162.6,66.3,87035.91,33,14.04
412,34,196.8,70.2,109407.58,13,25.28
413,65,160.1,75.8,71038.58,20,17.04
414,57,177.5,52.5,89112.94,28,45.25
415,58,192.8,90.0,88885.42,12,67.59
416,67,180.4,56.4,39501.5,29,39.77
417,53,197.4,95.8,100014.88,34,47.8
418,25,153.9,94.9,98656.79,2,26.31
419,21,178.3,69.1,42893.46,12,50.46
420,29,167.4,53.4,89274.75,34,50.14
421,27,185.0,50.8,92266.43,18,99.38
422,29,174.8,83.5,58269.52,22,21.84
423,50,171.6,63.8,75680.11,11,21.79
424,49,186.0,74.9,115163.1,14,51.84
425,38,178.9,66.4,33618.04,16,57.52
426,35,182.2,58.3,60853.49,37,43.83
427,69,165.0,56.9,50592.04,25,0.2
428,46,177.9,58.4,66292.3,35,87.49
429,58,180.0,59.9,104194.28,3,7.76
430,65,179.3,98.7,98354.46,12,23.69
431,58,181.7,73.2,76232.05,14,18.51
432,26,189.6,78.0,41336.76,2,16.93
433,40,186.1,72.2,64660.26,30,7.15
434,63,162.6,85.1,57186.16,37,51.67
435,53,188.8,92.6,45651.83,13,78.61
436,28,182.0,98.4,73097.4,36,80.27
437,47,194.5,99.0,79709.93,5,60.83
438,39,171.5,92.5,106629.21,25,3.2
439,48,199.8,78.3,55356.82,4,43.64
440,32,170.9,66.5,90535.79,1,7.03
441,36,169.3,87.5,31841.04,22,0.12
442,65,168.8,59.3,53827.82,18,43.96
443,48,196.6,83.4,106733.67,29,49.79
444,30,172.0,89.0,30082.32,22,87.44
445,48,179.5,76.5,110068.52,17,7.74
446,57,156.2,50.0,54431.23,30,42.98
447,51,155.4,85.6,80875.74,23,1.37
448,59,199.6,81.2,95887.43,30,5.59
449,29,171.9,52.5,92689.66,26,19.78
450,52,163.1,63.0,92712.38,26,17.91
451,28,187.8,85.5,39380.76,10,58.58
452,19,194.4,69.5,53247.08,24,15.29
453,32,152.1,78.9,104945.95,3,89.7
454,24,177.9,66.6,52867.05,29,91.83
455,27,187.6,65.8,87414.47,25,66.0
456,25,155.6,84.3,81617.88,29,37.24
457,27,182.8,55.4,99968.97,16,77.48
458,68,181.5,52.4,57161.92,8,43.99
459,54,184.3,65.1,99893.15,30,29.2
460,58,170.2,93.1,68084.45,8,55.54
461,40,193.4,74.4,60521.96,13,57.47
462,53,189.4,52.8,109556.63,25,92.06
463,58,175.4,93.3,102450.57,15,74.01
464,26,193.0,82.1,74778.97,32,21.48
465,31,187.7,51.9,117537.29,18,61.21
466,27,167.8,92.4,68458.93,1,71.38
467,26,159.9,95.5,92284.23,19,69.99
468,31,178.4,89.3,115837.32,13,29.21
469,22,187.8,61.9,36841.14,19,6.56
470,23,184.3,85.6,56717.54,34,67.91
471,24,161.5,98.9,72313.65,31,79.09
472,34,187.5,87.2,38360.55,7,26.47
473,31,180.3,50.8,118672.7,39,99.01
474,25,195.8,94.8,96703.21,37,44.1
475,24,176.4,88.1,66997.04,11,74.21
476,24,168.2,51.7,96025.61,39,26.82
477,55,158.6,67.9,113052.92,1,20.38
478,20,189.1,98.2,82710.75,19,65.15
479,66,158.9,60.1,41967.73,9,39.75
480,54,183.4,77.4,65026.46,28,83.29
481,41,182.4,63.5,101634.29,7,99.25
482,54,165.2,64.0,70764.59,4,79.21
483,29,195.5,58.8,99304.41,25,67.96
484,22,157.3,64.0,34768.46,22,78.96
485,53,180.0,80.8,39844.25,32,69.23
486,43,194.8,61.9,101642.52,31,6.93
487,53,192.4,61.0,113682.56,34,82.18
488,31,151.0,75.7,54990.45,24,97.78
489,25,191.0,98.4,99480.64,12,24.2
490,27,174.2,68.2,99104.4,23,5.38
491,57,165.3,87.6,46454.34,21,18.36
492,25,157.3,68.7,114709.27,7,25.7
493,65,167.4,58.1,111998.11,32,77.15
494,49,174.9,86.0,66308.93,11,85.63
495,44,161.5,64.2,105893.95,3,34.02
496,33,182.9,67.1,73090.65,22,89.66
497,30,197.2,57.7,46039.16,35,87.61
498,25,159.3,55.1,69670.37,18,63.47
499,52,163.2,98.4,74653.2,11,84.6
500,27,150.6,84.6,38411.43,3,14.73
501,33,168.8,57.3,109598.11,11,3.69
502,57,197.2,56.8,43301.81,36,92.47
503,35,176.7,96.6,57584.69,11,75.17
504,28,187.8,85.9,39487.72,37,2.97
505,54,158.4,84.7,93848.5,19,42.89
506,33,177.2,87.7,68508.32,15,99.77
507,66,170.1,96.4,103535.16,25,74.45
508,63,177.8,50.7,91525.02,20,62.12
509,20,177.2,96.9,60030.53,14,9.14
510,60,191.0,82.2,45587.15,33,67.66
511,45,151.8,68.5,72197.84,20,76.31
512,60,186.3,55.6,81404.15,17,44.74
513,36,191.2,85.5,56962.31,19,16.01
514,28,177.5,76.1,86507.81,34,6.7
515,60,178.7,79.3,102323.51,29,39.58
516,66,187.1,56.3,90883.0,26,57.77
517,64,187.3,74.1,39455.48,15,74.43
518,54,197.4,59.6,53115.82,32,40.34
519,61,159.3,67.7,85906.99,1,80.57
520,66,162.8,87.1,63644.52,18,4.79
521,60,160.7,94.8,57343.41,8,3.51
522,45,162.9,58.8,109071.87,28,74.87
523,35,163.8,67.3,82551.68,17,62.74
524,38,156.9,86.8,113754.67,17,76.38
525,18,187.0,91.3,30128.38,5,3.37
526,60,161.8,92.8,102527.7,14,15.24
527,54,167.5,95.4,90221.54,35,68.29
528,50,188.4,80.4,83372.22,25,1.47
529,26,174.7,90.6,74643.29,18,27.18
530,36,157.6,78.6,99846.91,12,33.01
531,48,185.3,59.2,105661.42,14,36.98
532,32,152.0,93.6,59465.57,12,59.38
533,23,191.7,94.8,102348.67,9,44.52
534,26,169.9,88.5,67826.62,11,5.11
535,34,158.3,91.7,44290.58,22,59.91
536,46,172.1,95.8,119775.2,6,67.56
537,45,162.1,50.1,62013.04,23,62.37
538,47,199.4,60.4,63238.97,26,43.54
539,44,180.7,86.0,82464.54,12,78.05
540,28,163.8,95.8,82445.67,12,15.15
541,62,195.3,99.6,102334.96,19,60.6
542,34,191.8,68.2,80270.4,15,35.84
543,29,170.7,69.9,35569.85,6,21.61
544,39,160.3,97.6,102356.78,18,32.98
545,63,160.5,89.6,56353.82,25,11.55
546,20,170.3,54.6,102158.79,25,42.75
547,47,160.9,81.9,82417.99,5,68.11
548,22,179.5,86.9,101824.3,27,6.14
549,27,197.7,67.2,68018.88,26,34.2
550,49,162.1,84.7,102856.25,18,11.8
551,20,164.9,86.4,111004.84,33,35.86
552,63,179.0,85.6,70836.87,12,19.12
553,62,179.3,65.5,50396.81,10,52.54
554,52,168.8,77.9,46505.09,29,24.59
555,38,184.9,59.1,72775.32,10,66.8
556,43,158.9,90.6,115995.1,28,25.99
557,63,197.0,72.5,33650.82,1,69.05
558,37,190.4,79.0,50113.45,34,42.47
559,65,156.4,64.4,69878.18,6,61.69
560,63,195.8,76.6,89064.68,30,44.75
561,19,180.2,93.2,57117.33,34,16.22
562,61,183.5,52.1,103815.21,38,40.78
563,37,159.4,77.7,35872.38,37,37.07
564,51,175.0,63.3,32139.98,2,85.91
565,32,183.5,84.9,83118.8,26,6.87
566,54,151.6,51.3,54360.83,10,87.82
567,26,185.8,83.8,56589.02,19,45.68
568,25,187.7,82.4,118703.87,24,64.28
569,23,157.3,85.5,100227.55,33,68.62
570,47,152.1,67.7,49982.88,26,94.95
571,67,160.3,80.2,64432.82,34,13.11
572,18,182.8,98.2,78522.84,33,79.91
573,68,170.1,82.5,108909.56,19,4.51
574,60,171.9,98.4,119286.98,7,46.57
575,53,170.7,96.0,117126.72,38,2.03
576,55,165.5,80.1,83684.61,3,16.4
577,56,186.8,87.9,93229.87,28,65.42
578,42,190.1,70.4,82263.66,31,63.12
579,34,176.9,55.7,52726.14,3,44.95
580,57,169.0,71.1,43501.05,34,9.82
581,56,163.8,69.3,98627.61,25,15.73
582,36,158.3,80.3,85420.58,17,29.06
583,28,158.1,75.4,101424.64,36,62.92
584,55,191.5,92.3,94121.39,32,75.78
585,46,184.0,62.2,48583.28,17,82.24
586,67,195.4,63.3,101673.98,21,83.64
587,20,172.1,93.2,53115.75,6,13.3
588,34,186.3,98.3,102053.73,1,43.89
589,68,156.9,56.3,97271.99,9,97.75
590,48,188.3,56.6,92860.12,2,11.15
591,62,172.3,51.4,109198.63,15,36.97
592,24,182.0,64.3,75232.7,30,40.11
593,43,172.5,88.8,87733.81,17,20.4
594,28,173.2,67.0,58432.46,16,23.7
595,41,189.6,52.9,85018.69,18,43.88
596,61,194.2,63.6,114314.27,25,77.54
597,24,182.0,80.6,65807.21,25,22.0
598,45,180.9,75.9,55347.36,18,36.07
599,39,196.2,65.4,64209.54,15,40.26
600,53,152.9,62.8,114362.31,27,98.59
601,23,187.0,73.8,113782.06,10,66.44
602,61,183.5,63.4,93179.53,9,84.46
603,39,159.4,67.0,32096.79,22,6.85
604,41,153.3,66.6,81090.96,7,76.13
605,27,182.4,53.2,64259.69,9,64.27
606,53,198.7,67.3,68554.87,11,79.33
607,48,159.8,50.3,53458.07,5,33.89
608,20,197.2,82.6,102035.66,2,39.49
609,31,169.8,73.9,48745.62,14,39.99
610,64,162.4,58.6,81674.87,8,40.83
611,40,195.2,88.2,71741.37,24,16.0
612,31,157.8,72.6,41434.77,3,77.62
613,60,181.5,80.5,59896.41,37,35.77
614,27,188.5,69.4,48019.56,27,52.26
615,58,198.2,91.6,95001.13,13,43.27
616,29,194.8,61.7,39943.28,21,18.99
617,56,179.0,51.4,114741.28,2,48.37
618,42,186.6,54.2,54857.43,38,62.66
619,50,174.2,95.2,37489.81,6,80.81
620,18,178.6,71.1,94316.06,14,63.13
621,29,160.3,61.0,67124.66,8,99.72
622,40,182.1,79.1,100997.04,6,63.94
623,31,176.1,90.2,119982.86,22,16.78
624,61,184.2,70.0,55495.52,25,13.87
625,66,154.1,68.3,50201.6,26,73.36
626,41,152.8,95.8,82659.6,37,46.78
627,54,181.7,53.8,35104.2,8,42.02
628,65,197.2,83.6,92851.05,28,99.85
629,66,195.9,53.1,99736.81,25,35.03
630,40,164.2,77.7,68430.98,4,35.01
631,55,197.9,93.4,62743.01,22,79.13
632,61,160.8,64.2,78660.74,23,11.69
633,28,196.4,88.7,57181.67,14,3.38
634,67,188.7,84.3,85463.82,32,35.64
635,64,180.2,70.5,53077.4,15,35.88
636,63,197.0,89.4,39600.74,14,67.86
637,61,184.7,70.4,51509.05,35,89.95
638,56,194.2,52.9,34118.31,6,75.43
639,46,190.4,90.0,64823.3,21,72.26
640,47,167.1,98.2,70903.73,36,37.92
641,68,183.8,57.1,37277.6,19,84.21
642,59,153.1,50.1,118951.57,32,87.8
643,39,159.5,92.3,88601.5,10,31.2
644,69,178.5,89.4,62054.65,39,17.79
645,43,172.6,74.7,43807.67,4,38.42
646,23,196.2,88.7,43746.46,31,80.48
647,44,195.8,75.8,112851.29,29,24.91
648,46,179.6,67.6,76506.04,34,90.38
649,59,176.4,63.8,30255.65,22,48.01
650,59,196.7,91.9,62269.47,9,0.73
651,52,192.2,97.6,75325.75,8,18.61
652,67,197.4,88.5,39681.45,35,98.33
653,43,188.2,81.9,66849.8,4,37.37
654,24,168.6,85.3,99658.02,36,72.24
655,22,192.2,89.4,41072.01,21,1.6
656,21,172.5,70.0,83428.95,22,64.97
657,37,172.9,75.5,63272.11,31,37.02
658,42,199.0,68.3,52787.43,30,13.41
659,54,150.4,86.2,114144.45,25,27.45
660,20,182.2,52.0,103856.53,13,85.85
661,29,157.0,79.7,56133.08,14,56.45
662,36,153.9,64.4,88847.34,11,52.48
663,54,157.8,96.7,60503.93,20,3.79
664,31,187.4,81.5,31968.06,30,78.48
665,51,172.7,89.5,58053.22,7,46.79
666,28,197.0,62.5,53934.28,13,65.36
667,27,166.3,74.3,71205.0,33,38.06
668,41,172.0,95.7,89349.98,21,71.77
669,61,192.7,86.9,57859.26,11,2.26
670,18,162.9,56.6,42816.68,1,36.74
671,37,178.5,56.2,111186.15,1,39.61
672,63,175.9,98.5,60125.73,34,54.52
673,46,182.4,62.0,67154.25,33,65.58
674,64,157.9,97.6,37994.17,25,54.42
675,66,178.3,96.6,91358.15,30,54.73
676,24,169.6,86.0,105035.22,26,19.77
677,26,184.6,87.0,34897.76,8,51.26
678,46,153.0,58.4,63887.86,9,81.53
679,55,165.7,84.0,111706.55,28,98.03
680,43,161.3,74.5,76682.3,33,62.51
681,21,172.1,56.8,63329.43,4,88.07
682,24,158.7,81.6,69175.56,17,94.51
683,25,150.0,72.6,36582.38,5,80.75
684,20,173.8,80.5,53070.53,17,76.0
685,45,154.7,69.8,102022.52,16,86.78
686,67,162.4,70.5,97954.06,15,27.03
687,44,168.3,60.2,96217.83,30,83.13
688,65,163.1,58.4,92026.56,6,40.78
689,51,175.0,70.4,42923.31,33,99.59
690,48,184.9,92.3,98640.31,38,80.13
691,36,195.1,59.3,114382.92,14,60.6
692,23,170.9,62.9,65749.21,9,32.39
693,18,189.1,75.3,35395.7,32,41.97
694,22,188.4,90.3,46924.75,18,76.85
695,24,164.7,83.0,45639.27,16,21.32
696,53,165.9,83.6,93923.3,31,25.69
697,19,158.3,62.9,88365.54,32,58.97
698,44,189.4,94.8,75237.54,27,42.7
699,34,192.9,77.7,107703.89,5,14.93
700,55,184.2,60.9,71329.41,6,71.07
701,57,159.5,62.3,37557.69,1,38.49
702,66,166.0,79.5,110670.04,21,32.79
703,45,158.9,57.1,100436.5,23,13.97
704,57,161.0,97.0,82070.54,1,6.56
705,26,150.3,96.6,119766.41,27,95.05
706,56,179.5,84.9,41240.05,12,62.57
707,61,194.2,78.0,66590.1,8,50.9
708,24,170.9,94.2,70000.81,36,92.29
709,60,152.1,69.3,43167.52,11,61.18
710,65,195.6,93.7,36373.55,14,99.01
711,31,180.2,69.6,79982.27,20,90.73
712,39,178.2,81.5,31577.13,20,39.21
713,48,156.8,88.9,84607.1,26,42.11
714,43,163.2,82.3,106332.75,1,18.98
715,22,176.1,89.0,60296.13,5,7.13
716,32,186.2,78.9,86134.3,34,33.2
717,31,164.0,65.2,111699.47,31,2.09
718,26,170.1,89.1,42067.37,28,54.65
719,40,164.0,74.2,66831.42,24,94.34
720,46,184.5,93.2,40694.91,14,18.59
721,29,156.8,85.3,43077.42,28,53.49
722,27,169.1,50.5,113577.13,39,85.02
723,63,170.9,83.3,100624.55,19,28.21
724,56,184.1,94.6,112290.8,7,24.64
725,32,191.8,92.0,114061.91,27,56.54
726,22,198.0,99.0,118207.4,17,25.92
727,39,171.9,54.7,117509.71,27,68.13
728,45,187.4,72.9,92887.37,24,29.97
729,41,187.6,93.1,65067.87,37,46.35
730,53,165.8,84.3,56012.1,16,31.12
731,33,179.7,97.2,97989.79,38,7.69
732,19,196.4,73.3,92323.31,6,65.79
733,55,166.3,74.3,90063.95,39,75.38
734,24,194.4,98.2,59749.55,20,53.51
735,24,186.9,97.4,45778.69,38,66.59
736,35,162.7,53.0,82749.69,8,45.39
737,36,166.9,99.5,104058.11,18,68.57
738,27,196.5,70.8,103723.79,32,57.33
739,52,153.4,63.3,105010.63,14,39.02
740,42,156.4,88.3,39572.63,1,78.9
741,51,191.7,94.0,86952.92,12,87.57
742,47,160.9,79.9,119050.15,9,18.28
743,32,177.7,72.8,79961.17,5,56.14
744,69,175.0,85.8,104655.09,35,74.47
745,61,184.4,86.0,31138.43,15,83.33
746,35,169.1,89.9,38708.32,6,58.71
747,53,157.2,98.6,52529.68,33,59.96
748,65,179.5,91.9,38033.61,2,7.87
749,18,152.4,53.2,52515.31,25,41.2
750,65,171.0,70.2,102875.93,15,37.42
751,48,197.4,62.2,103293.46,25,91.58
752,33,174.6,64.3,46670.8,10,48.71
753,60,185.9,95.5,75234.76,19,14.77
754,63,156.7,65.9,80079.48,12,14.61
755,61,189.8,90.8,118782.19,23,77.45
756,31,196.5,79.1,45988.05,10,48.77
757,38,192.9,96.0,33777.36,13,67.54
758,39,195.6,71.4,70230.87,2,5.88
759,61,193.0,70.9,106367.05,3,79.42
760,41,160.9,57.3,90662.07,37,18.23
761,19,179.2,98.0,31839.19,34,12.78
762,48,173.9,60.1,55039.84,5,80.33
763,51,169.7,97.7,85059.38,21,86.34
764,26,178.7,68.4,101899.23,24,92.7
765,61,156.9,63.2,63660.98,19,22.89
766,34,180.7,98.1,36235.99,16,57.86
767,46,194.6,55.1,96461.15,25,45.84
768,20,174.8,79.3,51531.97,9,85.52
769,69,169.7,70.6,31623.66,13,3.99
770,26,197.6,54.3,92876.89,17,60.7
771,31,182.1,92.4,60595.42,38,10.68
772,63,181.2,96.1,102353.76,6,73.17
773,33,196.3,98.3,96258.06,30,30.94
774,53,181.2,87.7,30823.66,5,62.48
775,41,191.8,66.4,90059.17,14,86.04
776,44,169.2,66.2,96068.91,17,29.34
777,48,168.5,76.5,85058.97,21,18.47
778,29,166.2,78.3,96022.43,7,27.94
779,44,188.8,97.7,109910.63,26,12.23
780,59,175.5,67.3,55734.24,6,81.18
781,67,162.1,68.3,92283.13,33,93.53
782,55,190.6,90.7,77536.1,23,49.52
783,61,177.8,89.9,66042.0,38,3.15
784,60,170.6,90.2,118116.43,38,73.5
785,64,189.9,79.0,75976.83,19,8.55
786,62,185.0,99.9,58911.68,34,24.56
787,31,164.7,71.5,70629.31,16,72.05
788,32,172.9,50.1,84701.96,10,95.61
789,58,188.4,92.7,68200.17,13,96.85
790,29,159.8,79.0,104131.81,8,83.17
791,24,190.3,67.4,94635.13,17,8.49
792,18,191.2,75.8,94085.6,37,51.57
793,49,185.2,87.0,100430.67,14,84.41
794,29,151.7,77.1,67956.4,32,44.93
795,63,168.5,76.0,89482.43,1,93.51
796,25,172.3,55.2,72784.05,16,47.39
797,41,186.9,96.6,62081.81,15,77.65
798,62,154.5,59.4,73717.55,37,51.17
799,32,185.5,87.5,95064.56,28,38.64
800,65,182.9,88.8,37128.58,3,12.67
801,19,198.0,68.7,88725.44,11,78.68
802,56,170.7,78.0,117232.49,28,2.57
803,32,174.1,91.5,38151.2,10,35.38
804,26,152.8,55.5,37555.93,3,79.98
805,69,183.2,65.7,85708.14,39,67.54
806,52,155.0,97.4,83393.67,27,55.55
807,19,192.1,84.8,98547.81,30,12.13
808,19,175.6,50.8,87613.3,15,62.4
809,23,194.6,96.1,95006.18,30,50.82
810,22,169.6,89.7,41127.47,4,54.67
811,52,154.0,99.2,36016.09,13,38.78
812,34,183.9,68.6,78449.35,31,64.11
813,36,168.6,97.0,38436.8,4,68.77
814,46,172.5,90.8,31958.67,10,32.1
815,64,170.9,85.2,116552.8,12,7.03
816,19,184.0,90.3,111816.06,7,2.75
817,51,180.9,82.3,74835.65,4,28.56
818,56,189.6,52.9,51885.94,20,51.0
819,50,172.9,53.6,87901.11,10,41.32
820,41,160.7,76.2,33562.87,39,89.54
821,36,161.9,91.0,94504.44,19,25.67
822,31,165.1,87.9,110369.01,15,41.73
823,67,165.2,79.5,84567.76,28,60.82
824,59,199.7,58.9,119795.27,8,33.32
825,66,181.2,68.8,106855.7,15,86.91
826,48,183.1,62.6,71347.8,14,7.37
827,41,165.1,55.2,101881.24,29,16.71
828,47,199.3,52.4,101560.39,1,38.54
829,58,183.9,95.0,68751.64,28,82.47
830,50,152.5,51.4,108731.48,33,34.58
831,34,154.6,95.3,66904.1,35,50.63
832,69,196.7,62.9,103305.98,22,73.16
833,63,192.6,82.0,94924.81,25,85.41
834,30,189.5,73.9,58004.89,37,60.48
835,58,199.5,90.8,90322.23,10,52.91
836,41,197.8,61.5,37436.74,23,53.62
837,26,156.5,64.5,77825.82,20,47.77
838,54,177.6,99.4,109318.13,11,49.73
839,33,190.0,93.2,112631.19,39,45.7
840,28,154.1,56.4,39409.0,6,35.97
841,28,160.5,89.0,77314.7,6,63.54
842,45,176.9,85.0,33746.84,7,6.36
843,53,163.4,63.0,71935.52,26,53.71
844,46,163.6,63.3,84798.34,23,18.47
845,39,152.0,52.7,71332.65,15,44.99
846,25,189.6,87.3,113243.1,27,32.56
847,47,150.8,76.6,65956.42,16,85.88
848,47,157.1,84.9,79173.8,16,95.36
849,28,162.2,71.1,73480.5,13,90.21
850,48,175.8,76.8,74931.5,39,82.04
851,49,163.9,76.2,66625.17,14,84.39
852,30,184.6,82.6,53488.68,20,96.69
853,43,158.1,78.7,90017.17,8,28.14
854,38,159.1,91.3,33778.08,18,47.81
855,47,189.8,56.6,51418.8,35,8.67
856,45,168.2,56.9,60984.68,37,97.77
857,21,191.0,52.0,75910.66,36,86.79
858,61,153.8,52.0,54737.99,2,8.86
859,33,156.2,81.1,106339.32,15,24.93
860,45,162.8,83.1,33656.08,12,47.92
861,28,175.9,52.2,47028.74,38,39.27
862,26,164.2,87.2,64530.39,31,58.48
863,21,162.1,69.3,54507.78,8,82.62
864,61,153.5,60.2,101127.86,3,92.27
865,26,168.5,63.8,94873.08,29,68.97
866,37,191.4,53.4,55873.31,10,20.48
867,50,162.0,67.3,88269.52,1,92.45
868,49,152.5,52.2,88363.67,34,42.47
869,30,187.1,59.3,84029.65,10,5.86
870,27,174.8,98.2,92754.67,6,53.92
871,19,187.3,95.7,52916.08,16,30.23
872,31,167.6,85.8,58967.62,5,33.21
873,51,182.8,89.2,106873.88,19,61.29
874,36,196.9,92.2,48284.79,35,66.55
875,50,197.2,56.1,90837.66,9,64.75
876,46,190.5,72.2,82748.72,4,99.72
877,52,167.5,56.1,54970.29,18,71.12
878,53,190.2,91.0,76460.31,37,21.34
879,31,194.2,64.3,56843.95,18,81.69
880,60,172.0,76.9,85066.17,10,45.38
881,23,191.7,72.6,34198.87,18,4.18
882,46,169.5,91.5,114238.01,32,54.9
883,59,176.9,87.0,35577.51,4,34.27
884,47,197.1,94.6,45045.78,4,22.14
885,66,171.5,90.3,112840.79,29,13.71
886,59,183.2,59.5,48149.18,25,9.45
887,35,164.0,96.5,39096.47,28,74.48
888,46,170.7,69.8,49876.73,26,30.59
889,28,160.5,53.7,53534.36,13,23.82
890,49,194.8,64.6,70155.61,34,55.26
891,31,199.8,90.3,42240.82,15,34.58
892,24,195.0,66.8,47416.59,17,48.95
893,36,173.7,92.9,37069.76,3,3.94
894,59,152.6,75.8,107014.6,2,54.69
895,31,163.0,71.2,81996.49,38,0.17
896,69,169.0,59.1,89988.38,15,36.33
897,18,160.7,81.6,44728.7,12,82.88
898,66,166.0,84.4,52219.52,22,45.2
899,29,164.4,63.0,62732.41,12,96.76
900,44,157.0,95.1,51197.38,9,30.07
901,36,175.2,83.4,115762.77,35,18.36
902,69,190.7,68.4,31704.4,39,43.63
903,48,185.6,80.2,110209.03,19,53.63
904,64,171.9,95.3,86249.7,37,92.03
905,45,175.3,90.2,93726.86,16,9.78
906,52,158.3,88.2,88300.87,15,61.55
907,53,193.3,71.4,111324.72,5,90.11
908,38,159.2,68.1,65180.68,5,2.17
909,30,164.1,59.7,65299.62,14,80.78
910,38,150.5,71.9,51088.74,23,50.83
911,24,193.2,75.6,108198.59,23,29.55
912,40,169.1,57.3,85244.79,18,43.54
913,39,151.4,77.0,68530.88,22,19.98
914,61,199.1,75.0,72645.69,32,94.7
915,24,169.4,57.9,70170.06,24,23.32
916,23,182.1,93.4,31461.93,16,36.7
917,20,174.7,72.4,46549.42,24,39.94
918,31,159.5,77.1,53100.87,2,90.59
919,67,176.5,80.0,114900.06,6,54.17
920,52,161.2,89.0,38984.82,12,70.3
921,60,165.9,66.9,91419.27,17,56.67
922,25,154.3,75.6,55174.5,22,57.95
923,32,169.2,83.6,115609.22,34,17.74
924,47,174.9,89.1,56441.62,34,44.36
925,42,199.3,97.1,114078.61,21,99.13
926,54,198.5,76.7,77645.65,6,4.64
927,30,185.5,70.2,91523.36,36,78.52
928,29,165.9,87.6,85451.31,18,85.67
929,25,159.5,53.6,117618.24,20,5.67
930,58,199.3,87.9,35868.01,15,59.75
931,67,170.4,63.8,64103.69,34,53.85
932,50,161.4,66.7,106492.05,16,95.78
933,31,178.6,74.2,44014.91,2,84.33
934,32,193.3,81.1,43816.03,27,20.34
935,39,180.2,91.6,114139.52,8,0.47
936,62,181.2,70.6,32194.64,27,50.28
937,49,168.3,76.0,45955.59,10,36.16
938,51,153.8,98.2,37476.33,7,48.07
939,25,198.1,67.9,73225.46,24,59.32
940,22,176.0,82.3,40630.38,4,15.85
941,23,152.6,68.8,35280.82,9,15.49
942,31,180.8,99.0,34260.98,29,40.66
943,20,190.3,98.0,76890.17,29,99.23
944,29,168.7,79.8,80988.33,16,30.99
945,47,177.9,79.1,47027.26,6,58.82
946,37,151.2,61.1,35395.02,28,59.91
947,69,170.0,51.8,73524.07,3,93.2
948,29,185.5,74.2,75673.85,2,90.04
949,38,171.6,67.7,42888.22,30,33.3
950,27,188.5,99.4,89322.74,27,62.03
951,69,183.5,83.0,58431.1,5,52.17
952,67,182.5,74.3,97468.46,17,29.95
953,62,171.6,96.8,105186.17,13,19.21
954,20,150.4,57.9,70778.93,14,71.82
955,57,170.8,58.5,99229.31,27,8.74
956,59,170.4,51.5,98041.12,35,40.28
957,26,171.7,99.3,68892.78,16,71.05
958,64,195.3,57.1,60196.36,36,57.23
959,33,154.8,74.3,38580.28,31,68.17
960,44,161.6,86.4,57822.37,39,86.8
961,59,170.0,74.3,49791.48,26,17.18
962,35,181.6,60.1,64555.23,2,94.19
963,22,178.5,80.5,54136.52,4,9.69
964,41,184.9,81.1,91218.04,29,78.06
965,63,158.1,83.3,78752.14,26,56.34
966,50,190.4,73.4,85468.45,6,7.25
967,63,152.1,61.8,50056.77,14,34.12
968,51,170.8,57.6,67700.39,5,9.72
969,51,185.2,95.4,37844.66,18,38.76
970,59,156.2,74.6,44456.57,10,43.26
971,30,199.3,57.9,56394.34,2,82.78
972,33,177.9,62.6,73506.53,37,76.51
973,19,170.1,71.2,101298.83,27,82.99
974,18,182.4,79.2,52154.93,13,45.36
975,66,151.7,77.9,56064.3,28,23.6
976,37,162.7,64.7,40444.8,12,5.7
977,40,159.5,79.8,99784.68,10,4.96
978,24,197.5,81.4,34535.74,12,54.24
979,28,164.5,92.0,63467.9,26,89.8
980,29,153.7,70.7,57510.08,31,23.43
981,69,150.8,57.8,64389.69,26,75.5
982,38,161.9,74.4,31943.6,24,3.06
983,40,165.5,76.7,102439.99,31,1.18
984,32,188.3,62.3,60854.82,8,57.58
985,40,185.7,70.7,106024.26,15,55.94
986,61,176.7,53.3,75030.47,30,10.19
987,44,161.0,77.5,72892.86,15,24.24
988,26,171.0,92.7,85748.42,6,66.87
989,27,186.7,73.6,78587.13,7,54.75
990,59,179.1,89.8,89844.2,13,96.31
991,46,154.4,61.6,85837.26,36,66.25
992,52,153.2,82.4,99522.42,26,0.03
993,52,188.2,67.0,72903.56,18,38.54
994,68,190.8,72.7,65384.64,21,58.84
995,22,185.5,57.1,48984.53,28,50.72
996,64,189.0,89.2,76328.89,28,81.56
997,43,180.6,70.8,98092.62,29,1.26
998,56,171.7,64.1,54953.27,17,12.39
999,32,192.7,56.9,93314.88,30,49.85
1000,54,166.4,63.6,101392.63,4,82.44
